Tanggal,Waktu,Lokasi Kebakaran,Kelurahan,Kecamatan,Benda Yang Terbakar,Bangunan Yang Terselamatkan,Penyebab Kebakaran,Korban Meninggal,Korban Luka,Mobil Unit Yang Bertugas,Sumber Air PDAM (m3),Sumber Air Lainnya (m3),Taksiran Kerugian,Luas Areal (M2)
01/03/2018,05:30-06:50+0700,Perempatan Jl. Soekarno Hatta - Kopo,Bojongloa Kidul,Bojongloa Kidul,Sebuah Mobil Angkot D 7996 YT,-,Korsleting Listrik A,-,-,1 Pancar,-,-,30000000,-
01/04/2018,12:45-13:50+0700,Jl. PHH Mustopa No. 41 RT. 01 RW. 06,Neglasari,Cibeunying Kaler,Sebuah Meteran Listrik,Sebuah Rumah,Korsleting Listrik,-,-,1 Pancar 1 Rescue,-,-,-,-
01/05/2018,04:05-04:30+0700,Pintu Keluar Tol Pasteur (Lampu Merah),-,-,Sebuah Mobil Box,-,Korsleting Listrik A,-,-,1 Pancar,-,-,20000000,-
01/05/2018,04:05-05:00+0700,Jl. Pasir Kaliki No. 25-27 RT. 01 RW. 08,Kebon Jeruk,Andir,5 Buah Kios Counter Food Kedai Minuman Batagor Abun Papa Dels Nasgor DC2 Nasi Campur Kiki,Kios Disekitarnya,Kebocoran Gas,-,-,2 Pancar 1 Rescue,8,-,50000000,40
01/05/2018,08:52-09:10+0700,Pasar Gedebage,Cipadung Kulon,Panyileukan,Sebuah Kabel Token Listrik dan Sebuah Kios,Kios disekitarnya,Korsleting Listrik,-,-,1 Pancar,-,-,-,-
01/05/2018,11:25-11:50+0700,Gg. Satata Sariksa RT. 04 RW. 02,Cipamokolan,Rancasari,Sebuah Rumah 2 Lantai,3 Buah Rumah,Dalam Penyelidikan,-,-,2 Pancar,-,-,20000000,8
01/06/2018,15:48-16:25+0700,Jl. Terusan Buah Batu Depan Klinik No. 277 RT. 09 RW. 07,Kujang Sari,Bandung Kidul,Sebuah Mobil Angkot D 1913 ZO,-,Korsleting Listrik A,-,-,2 Pancar 1 Rescue,8,-,30000000,-
01/06/2018,20:45-22:00+0700,Jl. H. Idris No. 55 RT. 01 RW. 05,Mekar Mulya,Panyileukan,Sebuah Pabrik Tahu dan Sebuah Rumah Bagian Lantai 2,3 Buah Rumah,Dari Tungku Pemb dan Korsleting Listrik,-,-,4 Pancar 1 Pancar,16,-,60000000,56
01/15/2018,14:00-14:20+0700,Jl. Cirangrang Timur RT. 06 RW. 03,Cirangrang,Babakan Ciparay,-,-,-,-,-,-,-,-,40000000,18
01/15/2018,17:40-18:20+0700,Jl. Astina Gg. Sukatinggal  No. 15 RT. 01 RW. 04,Pamoyanan,Cicendo,Sebuah Kos-Kosan 2 Lantai,3 Buah Rumah,Bakar Celana Jean,-,-,1 Pancar 2 Rescue 1 PMI 1 Dinkes,4,-,10000000,4
01/16/2018,20:37-21:20+0700,Jl. Bojong Mekar RT. 01 RW. 15,Cigadung,Cibeunying Kaler,Sebuah Rumah 2 Lantai,3 Buah Rumah,Korsleting Listrik,-,-,2 Pancar 1 Rescue 1 PMI,-,-,50000000,30
01/17/2018,11:48-12:30+0700,Jl. Binong Jati No. 8 RT. 08 RW. 01,Binong Jati,Batununggal,Sebuah Mobil Avanza,-,Korsleting Listrik Dalam Penyelidikan,-,-,2 Pancar 1 Rescue,-,-,55000000,2
01/18/2018,02:30-03:10+0700,Jl. Sarimanis Blok 16 No. 129 RT. 02 RW. 07,Sarijadi,Sukasari,"Dinding rumah, sofa dan sebuah meja",3 Buah Rumah,-,-,-,1 Rescue,-,-,-,-
01/20/2018,01:18-02:15+0700,Jl. Padjadjaran No. 2 (Pabrik Kina),Pajajaran,Cicendo,-,-,Dalam Penyelidikan,-,-,2 Pancar 1 Rescue 1 PMI 1 Dinkes,-,-,-,-
01/24/2018,17:39-19:10+0700,Jl Bogor - Jl. Jakarta,Kebon Waru,Batununggal,Sebuah Kabel Pada Jaringan Listrik,-,Korsleting Listrik,-,-,2 Rescue,-,-,-,1
01/26/2018,17:39-19:10+0700,Jl. Bah Jaksa RT. 03 RW. 01,Cipadung,Cibiru,Sebuah Rumah 2 Lantai,3 Buah Rumah,Korsleting Listrik,-,-,3 Pancar 1 Rescue,4,-,50000000,45
01/26/2018,21:25-22:15+0700,Jl. Batu Indah I No. 12,Batununggal,Bandung Kidul,Bagian Eternit Ruang Karoke Sebuah Rumah,3 Buah Rumah,Korsleting Listrik,-,-,1 Pancar 1 Rescue,4,-,10000000,9
01/28/2018,08:44-09:10+0700,Jl. Sulanjana No. 30 Depan Rumah Makan Vandel,Taman Sari,Bandung Wetan,Sebuah Lampu LED Mobil Siaran Urban Radio,-,Korsleting Listrik,-,-,2 Pancar 2 Rescue,-,-,10000000,-
01/31/2018,10:40-11:15+0700,Jl. Gunung Batu No. 58 RT. 03 RW. 02,Sukaraja,Cicendo,Bagian Dapur Sebuah Rumah,3 Buah Rumah,Kebocoran Gas,-,-,1 Pancar 1 Rescue 1 PMI 1 Dinkes,-,-,10000000,7.5
02/01/2018,21:03-21:40+0700,Jl. Sadang Serang RT. 04 RW. 15,Sadang Serang,Coblong,Sebuah Tabung Gas,Sebuah Rumah,Kebocoran Tabung,-,5,2 Pancar 1 Rescue,-,-,5000000,4
02/01/2018,22:55-00:00+0700,Pasar Ciwastra,Mekar Jaya,Rancasari,4 (Empat) Buah Kios Pasar,Bagian Kios Lainnya,Korsleting Listrik,-,-,2 Pancar,8,-,50000000,40
02/03/2018,15:40-17:05+0700,Komplek Taman Holis Indah I Blok F5 No. 56 RT. 05 RW. 07,Cigondewah Rahayu,Bandung Kulon,Sebuah Rumah 2 Lantai,3 Buah Rumah,Dalam Penyelidikan,-,1,4 Pancar 2 Rescue,16,-,150000000,75
02/05/2018,08:30-09:30+0700,Jl. Cimuncang No. 11 RT. 07 RW. 05,Padasuka,Cibeunying Kidul,Sebuah Rumah 3 Lantai,3 Buah Rumah,Korsleting Listrik,-,-,9 Pancar 2 Rescue 1 Quick Respon 2 Tangki 2 Komando 1 Dinkes 2 PMI,44,-,150000000,120
02/06/2018,22:55-00:40+0700,Jl. Holis No. 294 RT. 01 RW. 04,Caringin,Bandung Kulon,Sebuah Gudang Kimia,-,Pengoplosan Zat Ki,-,-,3 Pancar 2 Rescue 1 PMI 1 Dinkes,12,-,25000000,25
02/09/2018,15:40-16:25+0700,Jl. A.H. Nasution No. 922 RT. 01 RW. 10,Antapani Wetan,Antapani,Bagian Gudang Penyimpanan Gelas Sebuah Pabrik,-,Dalam Penyelidikan,-,-,6 Pancar 1 Rescue 1 Tangki 2 Komando 1 PMI,8,-,200000000,160
02/13/2018,05:10-05:52+0700,Jl. A.H. Nasution Gg. Swadaya RT. 02 RW. 03,Cipadung,Cibiru,Sebuah Mobil Sedan KIA RIO D 1567 AAH,-,Korsleting Listrik A,-,-,1 Pancar,4,-,10000000,-
02/13/2018,11:40-11:55+0700,Jl. Alani Dalam No. 22/34B RT. 03 RW. 12,Kebon Pisang,Sumur Bandung,Dinding Sebuah Kamar,3 Buah Rumah,Korsleting Listrik,-,-,1 Pancar 1 Rescue 1 Komando 1 PMI,4,-,1000000,1
02/13/2018,13:45-14:30+0700,Jl. Sulaksana RT. 03 RW. 11,Cicaheum,Kiaracondong,Sebuah Gerobak Baso Tahu,-,Kebocoran Tabung,-,3,2 Pancar 1 Rescue 1 PMI,4,-,2000000,1
02/13/2018,14:45-15:50+0700,Jl. Cigondewah Kaler RT. 01 RW. 10,Cigondewah Kaler,Bandung Kulon,Sebuah Bedeng Kontrakan,3 Buah Rumah,Bakaran Sampah,-,-,5 Pancar 1 Rescue 1 PMI,20,-,500000000,500
02/15/2018,13:00-15:50+0700,Kp. Sukasari Gg. Mesjid No. 126/127A RT. 03 RW. 14,Kebon Jayanti,Kiaracondong,Tabung Gas,Sebuah Rumah,Kebocoran Tabung,-,-,1 Pancar 1 Rescue,-,-,-,-
02/15/2018,14:15-14:42+0700,Jl. Ampera Depan Bank BRI RT. 01 RW. 01,Sekejati,Buahbatu,Sebuah Mobil BMW D 1584 NE,-,Korsleting Listrik A,-,-,1 Pancar,4,-,50000000,-
02/16/2018,11:05-11:55+0700,Jl. Kanayakan No. 18 RT. 20 RW. 08,Dago,Coblong,Sebuah Kamar Bagian Belakang,Sebuah Rumah,Dalam Penyelidikan,-,-,3 Pancar 1 Rescue 1 Komando,12,-,75000000,32
02/18/2018,07:25-09:15+0700,Jl. Jati Indah No. 18 RT. 03 RW. 11,Gumuruh,Batununggal,Sebuah Rumah Merangkap Bengkel,3 Buah Rumah,Bakaran Sampah,-,-,6 Pancar 1 Rescue 1 PMI 1 Dinkes,24,-,50000000,28
02/21/2018,10:00-14:55+0700,Jl. Banceuy No. 59 RT. 05 RW. 02,Braga,Sumur Bandung,Bagian Gudang Sebuah Toko Plastik,3 Buah Rumah,Dalam Penyelidikan,-,1,4 Pancar 1 Rescue 1 Tangki 1 Komando 1 PMI 1 Dinkes,8,-,50000000,25
02/21/2018,14:50-15:55+0700,Jl. Bukit Sari No. 42 RT. 06 RW. 02,Hegarmanah,Cidadap,Sebuah Rumah 2 Lantai,3 Buah Rumah,Bakaran Sampah,-,-,3 Pancar 1 PMI 1 Dinkes,12,-,20000000,18
02/22/2018,03:18-03:50+700,Jl. Cikutra Barat (Depan Makam Pahlawan) RT. 01 RW. 07,Sukaluyu,Cibeunying Kaler,Sebuah Mobil AGYA E 1241 LC,-,Korsleting Listrik A,-,-,1 Pancar 1 Rescue,4,-,100000000,-
02/24/2018,20:00-20:35+0700,Jl. Dago Jati No. 38 RT. 02 RW. 06,Dago,Coblong,Sebuah Tabung Gas,Sebuah Rumah,Ledakan Tabung G,-,-,1 Rescue,-,-,-,-
02/28/2018,02:37-05:10+0700,Jl. Cibadak Gg. Ibu Aisah RT. 02 RW. 03,Cibadak,Astanaanyar,Sebuah Rumah 2 Lantai,3 Buah Rumah,Bakaran Obat Nyamuk,-,-,9 Pancar 2 Rescue 2 PMI 1 Dinkes,40,-,150000000,70
03/01/2018,16:20-17:30+0700,Jl. Ir. H. Djunda (Depan RS. Santo Boromeous),Lebak Gede,Coblong,Sebuah Kabel Jaringan Provider Handphone,-,Korsleting Listrik,-,-,1 Pancar 1 Rescue 1 Komando,APAR,APAR,1000000,1
03/02/2018,14:15-14:30+0700,Jl. L.R.E. Martadinata 142,-,Sumur Bandung,Sebuah Kontrol Panel Genset,Bagian Gedung Lainnya,Korsleting Listrik,-,-,1 Pancar 1 Rescue,-,-,2000000,1
03/03/2018,11:35-12:50+0700,Jl. Gelap Nyawang RT. 02 RW. 04,Lebak Siliwangi,Coblong,6 Buah Kios,Bagian Gedung Lainnya,Kebocoran Tabung,-,-,5 Pancar 1 Rescue 1 Tanki 1 Dinkes 1 Pancar ITB,20,-,250000000,250
03/03/2018,23:40-23:50+0700,Jl. Gatot Subroto 237 RT. 03 RW. 03,Cibangkong,Batununggal,Sebuah Meteran Kwh,Bagian Gedung Lainnya,Korsleting Listrik,-,-,3 Pancar 1 Rescue,-,-,-,-
03/04/2018,21:30-22:00+0700,Jl. Cibolerang Komp. Sawargi RT. 05 RW. 01,Cigondewah Rahayu,Bandung Kulon,Sebuah Panel Listrik,-,Korsleting Listrik,-,-,2 Pancar 1 Dinkes,-,-,-,-
03/07/2018,01:00-01:30+0700,Jl. Sekolah Internasional No. 1-6 RT. 007 RW. 007,Cicaheum,Kiaracondong,Kantin Sebuah Sekolah,Bagian Gedung Lainnya,Korsleting Listrik,-,-,2 Pancar 1 Rescue 1 Dinkes 1 PLN,8,-,25000000,12
03/20/2018,23:15-24:30+0700,Jl. Aruna (Depan Alun-alun Cicendo) RT. 11 RW. 01,Arjuna,Cicendo,Sebuah Kios Service Meteran Air,-,Dalam Penyelidikan,-,-,4 Pancar 1 Komando 1 Dinkes,16,-,6000000,6
03/22/2018,16:17-16:40+0700,Jl. A. Yani Gg. Koper No. 105 RT. 01 RW. 11,Kebon Pisang,Sumur Bandung,Sebuah Rumah Kosong,3 Buah Rumah,Dalam Penyelidikan,-,-,1 Pancar,4,-,100000000,100
03/31/2018,-,Jl. Terusan Bukit Dago Selatan No. 5 RT. 01 RW. 03,Dago,Coblong,Sebuah Lemari Pakaian,Sebuah Rumah,Dalam Penyelidikan,-,-,2 Pancar 1 Rescue 1 Dinkes 1 PLN,8,-,1000000,8
04/01/2018,20:37-21:30+0700,Jl. Cikutra No. 166 RT. 06 RW. 01,Sukapada,Cibeunying Kidul,Sebuah Rumah,3 Buah Rumah,Puntung Rokok Menyambar Kursi,-,-,3 Pancar 1 Rescue,12,-,100000000,42
04/02/2018,06:05-08:00+0700,Jl. Kalipah Apo No. 54 RT. 04 RW. 04,Karang Anyar,Astanaanyar,Sebuah Rumah Dijadikan Gudang Kertas,3 Buah Rumah,Dalam Penyelidikan,-,-,6 Pancar 2 Rescue 1 Tangki 1 Komando 1 Dinkes,24,-,100000000,100
04/03/2018,06:55-08:00+0700,Jl. Gedebage Selatan RT. 02 RW. 02,Rancabolang,Gedebage,Sebuah Rumah Merangkap Salon,3 Buah Rumah,Dalam Penyelidikan,-,-,2 Pancar,8,-,20000000,16
04/08/2018,09:30-10:15+0700,Jl. Setiabudhi 168 RT. 03 RW. 05,Hegarmanah,Cidadap,Sebuah Toko Roti ROTIKU Bagian Dapur,3 Buah Rumah,Kebocoran Tabung,-,-,3 Pancar 1 Rescue,12,-,60000000,30
04/11/2018,06:08-07:20+0700,Jl. Pasir Impun Barat No. 6 RT. 07 RW. 06,Karang Pawulang,Mandalajati,Sebuah Kantor Koperasi Kredit Tunas Harapan,3 Buah Rumah,Korsleting Listrik,-,-,7 Pancar 2 Rescue 1 Tangki 1 Dinkes 1 PMI,32,-,100000000,56
04/11/2018,08:50-10:10+0700,Jl. Cisitu Lama No. 9 RT. 07 RW. 12,Dago,Coblong,Sebuah Rumah,3 Buah Rumah,Kebocoran Tabung,-,-,2 Pancar 1 Rescue 1 PMI 1 Dinkes,12,-,65000000,65
04/12/2018,05:08-05:55+0700,Jl. Otto Iskandardinata No. 243 RT. 05 RW. 01,Balong Gede,Regol,Sebuah Toko Emas ABC dan beberapa bahan material Bagian Lantai 3,3 Buah Rumah,Korsleting Listrik,-,-,3 Pancar 1 Rescue 1 PMI,12,-,250000000,120
04/15/2018,02:30-03:15+0700,Jl. Otto Iskandardinata Lapangan Tegallega,Balong Gede,Regol,3 Buah Kios,-,Dalam Penyelidikan,-,-,2 Pancar,8,-,45000000,45
04/19/2018,06:35-09:00+0700,Jl. Lodaya No. 87 RT. 05 RW. 01,Lingkar Selatan,Lengkong,Sebuah Rumah Semi Permanen,3 Buah Rumah,Korsleting Listrik,-,-,9 Pancar 1 Tangki 2 Rescue 2 Komando 2 PMI 1 Dinkes,40,-,500000000,500
04/21/2018,11:40-12:08+0700,Jl. Jalak No. 7 RT. 03 RW. 08,Sadang Serang,Coblong,Sebuah AC,3 Buah Rumah,Korsleting Listrik,-,-,2 Pancar  1 Rescue,4,-,1000000,-
04/21/2018,16:50-17:15+0700,Jl. Pahlawan No. 35,Cigadung,Cibeunying Kaler,Sebuah Kios Tambal Ban dan Sebuah Kompresor,-,Tumpahan Bensin,-,-,2 Pancar 1 Rescue 1 PLN,8,-,15000000,15
04/29/2018,06:47-08:00+0700,Jl. H. Sahroni Gg. Cendrawasih 2 RT. 03 RW. 03,Cikutra,Cibeunying Kidul,Sebuah Rumah,3 Buah Rumah,Bakaran Sampah,-,-,5 Pancar 1 Rescue 1 Dinkes,20,-,80000000,80
02-Mei-18,12:58-13:30+0700,Jl. Cisitu Lama RT. 04 RW. 12,Dago,Coblong,Sebuah Mobil Mazda W 1868 PJ,-,Korsleting Listrik A,-,-,1 Pancar,4,-,50000000,-
02-Mei-18,23:11-00:35+0700,Jl. Inhoftank No. 32 RT. 01 RW. 05,Pelindung Hewan,Astanaanyar,Sebuah Ruko,3 Buah Rumah,Dalam Penyelidikan,-,-,6 Pancar 1 Rescue 1 Tangki 1 Komando 1 PMI 1 Dinkes,28,-,150000000,105
03-Mei-18,10:55-15:37+0700,Jl. Karees Kulon RT. 03 RW. 06,Malabar,Lengkong,26 Buah Rumah,60 Buah Rumah,Kebocoran Tabung,1,1,15 Pancar 2 Rescue 1 Tangki 2 Komando 2 PMI 1 Dinkes,64,-,300000000,200
05-Mei-18,03:13-04:00+0700,Jl. Cimuncang No. 14 RT. 01 RW. 12,Pasir Layung,Cibeunying Kidul,Sebuah Rumah Dijadikan Kantor,3 Buah Rumah,Dalam Penyelidikan,-,-,4 Pancar 2 Rescue 1 PMI,8,-,12000000,6
07-Mei-18,07:45-08:20+0700,Jl. Babakan Andir No. 52 RT. 06 RW. 02,Padasuka,Cibeunying Kidul,Sebuah Tabung Gas,Sebuah Rumah,Kebocoran Tabung,-,-,2 Pancar 1 Rescue,-,-,100000,-
08-Mei-18,01:37-02:05+0700,Jl. Pelindung Hewan  Blok D7 RT. 01 RW. 07,Pelindung Hewan,Astanaanyar,Sebuah Rumah,3 Buah Rumah,Korsleting Listrik,-,-,2 Pancar,-,-,2000000,2
08-Mei-18,08:28-09:00+0700,Jl. Burangrang,Burangrang,Lengkong,Sebuah Rumah,3 Buah Rumah,Korsleting Listrik,-,-,2 Pancar,-,-,2000000,2
08-Mei-18,13:48-14:30+0700,Jl. Curug Candung  Dalam (Moch. Toha) RT. 05 RW. 05,Mekarwangi,Bojongloa Kidul,Sebuah Rumah,3 Buah Rumah,Korsleting Listrik,-,-,2 Pancar,8,-,35000000,32
09-Mei-18,23:40-00:15+0700,Jl. Mekar Kencana 1 (Depan Gedung Graha Mekar Wangi),Mekarwangi,Bojongloa Kidul,Sebuah Mobil Sedan Accord D 1740 AH,-,Korsleting Listrik A,-,-,1 Pancar,4,-,30000000,-
13-Mei-18,13:30-14:00+0700,Jl. Kurdi II No. 14 RT. 10 RW. 03,Karasak,Astanaanyar,Sebuah Tabung Gas 3 KG,Sebuah Rumah,Kebocoran Tabung,-,-,1 Pancar,-,-,200000,-
14-Mei-18,21:30-22:00+0700,Jl. Jend Ibrahim Adjie (Fly Over Kiaracondong),Babakan Sari,Kiaracondong,Tumpukan Sampah Dibawah Fly Over,-,Dalam Penyelidikan,-,-,1 Pancar 1 Rescue,4,-,-,-
17-Mei-18,10:20-10:50+0700,Jl. Cihampelas Gg. Bongkaran No. 271 RT. 09 RW. 15,Taman Sari,Bandung Wetan,Lemari Pakaian,Sebuah Rumah,Dalam Penyelidikan,-,-,1 Pancar 1 Rescue,-,-,500000,-
17-Mei-18,18:42-20:00+0700,Jl. Madesa Dalam Gg. Haji Ana RT. 05 RW. 11,Kopo,Bojongloa Kaler,Sebuah Kontrakan 2 Lantai,3 Buah Rumah,Korsleting Listrik,-,-,2 Pancar,8,-,10000000,6
20-Mei-18,16:10-16:30+0700,Jl. Cimencrang RT. 01 RW. 03,Cimencrang,Gedebage,Sebuah Rumah,3 Buah Rumah,Dalam Penyelidikan,-,-,1 Pancar,-,-,36000000,36
23-Mei-18,11:52-12:25+0700,Jl. Soekarno Hatta No. 154 RT. 03 RW. 08,Warung Muncang,Bandung Kulon,Sebuah Gudang Serabut,-,Dalam Penyelidikan,-,-,3 Pancar 1 Tangki,12,-,36000000,36
27-Mei-18,21:27-22:10+0700,Jl. Dr. Setiabudhi No. 68 (Auto 2000),Hegarmanah,Cidadap,Sebuah Travo Listrik Utama,-,Korsleting Listrik,-,-,1 Pancar 1 Rescue 1 Komando 1 PLN,-,-,1000000,-
28-Mei-18,13:10-13:48+0700,Jl. Soekarno Hatta No. 817 RT. 04 RW. 06,Mekar Mulya,Panyileukan,Sebuah Lahan Alang-alang,-,Dalam Penyelidikan,-,-,2 Pancar,8,-,-,200
31-Mei-18,05:10-05:45+0700,Jl. Kopo Gg. H. Yusuf 1 No. 26 RT. 10 RW. 01,Babakan Asih,Bojongloa Kaler,Dapur Sebuah Rumah,4 Buah Rumah,Kebocoran Gas,-,-,1 Pancar,-,-,2000000,2
31-Mei-18,20:10-21:40+0700,Jl. Buana Sari V RT. 08 RW. 04,Kujang Sari,Bandung Kidul,Sebuah Pabrik - Pabrik Astro Papper,-,Dalam Penyelidikan,-,-,2 Pancar 1 Rescue 1 Dinkes,-,-,100000000,100
06/02/2018,19:39-21:50+0700,Jl. Gedebage RT. 04 RW. 05,Cisaranten Kidul,Gedebage,40 Puluh Buah Rumah Semi Permanen,50 Buah Rumah,Bakaran Sampah,-,-,13 Pancar 2 Rescue 1 Komando 1 Dinkes 2 PMI 1 Pancar Bintang Agung,52,-,6000000000,6000
06/02/2018,22:15-22:45+0700,Jl. Cijambe,Pasir Endah,Ujungberung,Tempat Pembuangan Sampah,-,Bakaran Sampah,-,-,5 Pancar 1 Rescue 1 PMI 1 Dinkes,4,-,-,2000
06/02/2018,23:12-23:40+0700,Jl. Setiabudhi Depan No. 104,Gegerkalong,Sukasari,Tumpukan Sampah,-,Rokok,-,-,4 Pancar 1 Rescue 1 Komando 2 PMI 1 Dinkes,4,-,-,-
06/03/2018,21:15-22:45+0700,Jl. Kiaracondong (Depan Griya),Kebon Waru,Batununggal,2  Buah Kios Buah,-,Bakaran Sampah,-,-,4 Pancar 2 Rescue 1 PMI,16,-,60000000,60
06/04/2018,21:05-22:20+0700,Jl. Terusan Jamika Gg. Masduki RT. 02 RW. 06,Jamika,Bojongloa Kaler,5 Buah Kontrakan,7 Buah Rumah,Dalam Penyelidikan I,-,-,5 Pancar 1 Rescue,24,-,250000000,240
06/05/2018,11:15-11:50+0700,Jl. Soekarno Hatta No. 238 RT. 01 RW. 09,Mekarwangi,Bojongloa Kidul,Sebuah Oven Untuk Pengecatan,-,Korsleting Listrik,-,-,1 Pancar,4,-,24000000,24
06/06/2018,03:59-04:35+0700,Jl. Turangga No. 15,Lingkar Selatan,Lengkong,Plafon/Atap Sebuah Rumah,Sebuah Rumah,Korsleting Listrik,-,-,2 Pancar 1 Rescue 1 Komando 1 PMI,4,-,-,-
06/07/2018,16:38-17:40+0700,Jl. Malabar (Belakang Hotel Papandayan) RT. 02 RW. 05,Malabar,Lengkong,3 Buah Rumah,5 Buah Rumah,Dalam Penyelidikan,-,-,7 Pancar 1 Tangki 2 Rescue 2 Komando 1 Dinkes 3 PMI 1 PLN,32,-,100000000,90
06/09/2018,10:55-11:10+0700,Jl. Kopo Gg. Sukaleueur No. 507/198A RT. 06 RW. 05,Babakan Asih,Bojongloa Kaler,Sebuah Rumah,3 Buah Rumah,Dalam Penyelidikan,-,-,1 Pancar,-,-,10000000,6
06/09/2018,11:04-11:55+0700,Komplek Batunggal Jelita II No. 42 RT. 05 RW. 05,Mengger,Bandung Kidul,Sebuah Rumah - Tingkat 3,3 Buah Rumah,Korsleting Listrik,-,-,3 Pancar 1 Rescue 1 PMI,12,-,25000000,12
06/09/2018,15:50-17:00 +0700,Jl. Otto Iskandardinata No. 70 (Pasar Baru Trade Center) RT. 01 RW. 01,Kebon Jeruk,Andir,Tumpukan Sampah Diruangan Blower Lantai 3,-,Korsleting Listrik,-,-,2 Pancar 1 Rescue,-,-,-,-
06/10/2018,13:30-16:30+0700,Jl. Pasir Jati No. 12 RT. 02 RW. 10,Cigending,Ujungberung,Sekolah SMP Negeri 50 Bandung,-,Dalam Penyelidikan,-,-,7 Pancar 2 Rescue 1 Tangki 1 Quick Respon 2 Komando 1 Dinkes 1 PMI,32,-,500000000,216
06/12/2018,10:45-11:45+0700,Jl. Soekarno Hatta No. 843 RT. 04 RW. 05,Mekar Mulya,Panyileukan,Sebuah Rumah Makan,3 Buah Rumah,Kebocoran Tabung,-,2,3 Pancar 1 Rescue 1 PMI 1 Dinkes,12,-,150000000,12
06/14/2018,15:30-16:00+0700,Jl. Gambuh No. 10 RT. 05 RW. 09,Turangga,Lengkong,Dapur Sebuah Rumah,4 Buah Rumah,Kebocoran Tabung,-,-,2 Pancar,4,-,2000000,2
06/14/2018,15:10-16:30+0700,Jl. Cigondewah Kaler RT. 02 RW. 09,Cigondewah Kaler,Bandung Kidul,Sebuah Lahan Kosong,-,Dalam Penyelidikan,-,-,3 Pancar,12,-,-,200
06/16/2018,07:04-07:40+0700,Pertigaan Jl. Teratai dan Jl. Kembang Sepatu RT. 08 RW. 10,Samoja,Batununggal,5  Buah Kios,-,Korsleting Listrik,-,-,4 Pancar 2 Rescue 1 PMI,16,-,50000000,48
06/17/2018,04:00-05:00+0700,Jl. Wastukencana No. 2 Area Taman Balaikota Bandung,Babakan Ciamis,Sumur Bandung,Sebuah Pohon Karet,-,Pembakaran oleh Orang Kurang Waras,-,-,1 Pancar 1 Rescue,4,-,-,5
06/17/2018,10:30-11:00+0700,Gg. Sukamulya 2 RT. 05 RW. 09,Suka Asih,Bojongloa Kaler,Bagian Dapur Sebuah Rumah,4 Buah Rumah,Kebocoran Tabung,-,-,1 Pancar,-,-,4000000,4
06/18/2018,-,Pkl. Sadakeling I No. 46 RT. 03 RW. 06,Burangrang,Lengkong,Sebuah Kamar Tidur Rumah,4  Buah Rumah,Obat Nyamuk Bakar,1,-,4 Pancar 1 Rescue 1 Komando,16,-,5000000,4
06/22/2018,21:45-22:00+0700,Jl. Mutiara 3 RT. 10 RW. 08,Turangga,Lengkong,Sebuah Box Kabel Listrik PLN,Sebuah Rumah,Korsleting Listrik,-,-,1 Pancar 1 Pusat 1 PLN,16,-,10000000,240
06/23/2018,16:30-17:05+0700,Jl. Sukajadi (Depan Polsek Sukajadi),Sukagalih,Sukajadi,Sebuah Pohon Ganitri,-,Dalam Penyelidikan,-,-,1 Pancar 1 Rescue,4,-,-,-
06/24/2018,09:00-10:00+0700,Jl. Babakan Gaya RT. 02 RW. 02,Sukamulya,Ujungberung,Sebuah Rumah 2 Lantai,3 Buah Rumah,Bakaran Korek Api,-,-,1 Pancar 1 Rescue 1 Komando 1 Dinkes 1 PLN,-,-,40000000,18
06/25/2018,13:05-13:58+0700,Jl. Sudirman No. 121 (Sahara Club Dangdut Dan Karaoke),Astanaanyar,Astanaanyar,Sebuah Instalasi Listrik di Room 8,-,Korsleting Listrik,-,-,1 Pancar 1 Komando 1 PMI 1 PLN,-,-,10000000,6
06/26/2018,21:05-21:45+0700,Jl. Pajagalan No. 51 RT. 05 RW. 07,Astanaanyar,Astanaanyar,Sebuah Kabel Listrik Dalam,Sebuah Rumah,Korsleting Listrik,-,-,1 Pancar 1 Komando,-,-,-,-
07/01/2018,11:00-13:10+0700,Gg. Wangsadireja No. 388 RT. 03 RW. 02,Sukamaju,Cibeunying Kidul,6  Buah Rumah,8  Buah Rumah,Dalam Penyelidikan,-,-,5 Pancar 1 Rescue 1 Tangki 1 Komando 1 PMI 1 Dinkes 1 PLN,24,-,500000000,246
07/03/2018,06:27-07:50+0700,Jl. Dr. Curie Depan No. 50 (Belakang Rumah Walikota) RT. 02 RW. 01,Pasirkaliki,Cicendo,Sebuah Pohon Mahoni,-,Rokok,-,-,1 Pancar 1 Rescue 1 Komando,4,-,-,-
07/03/2018,06:37-08:00+0700,Jl. Dr. Sukimin RT. 02 RW. 01,Pasirkaliki,Cicendo,Sebuah Pohon Mahoni,-,Rokok,-,-,1 Pancar 1 Rescue 1 Komando,4,-,-,-
07/04/2018,05:08-06:15+0700,Jl. Kopo Gg. H. Mukti RT. 07 RW. 06,Situsaeur,Bojongloa Kidul,Sebuah Rumah,3 Buah Rumah,Dalam Penyelidikan,-,-,4 Pancar 1 Rescue 1 Komando 1 Dinkes 1 PLN,16,-,220000000,110
07/04/2018,21:05-21:12+0700,Jl. Kopo Gg. H. Mukti RT. 07 RW. 06 Penyalaan Kembali,Situsaeur,Bojongloa Kidul,Sebuah Rumah,3 Buah Rumah,Dalam Penyelidikan,-,-,1 Pancar,4,-,-,110
07/05/2018,13:14-13:50+0700,Jl. Gempol Wetan No. 139 RT. 03 RW. 05,Citarum,Bandung Wetan,Sebuah Rumah,3 Buah Rumah,Dalam Penyelidikan,-,-,4 Pancar 1 Rescue 1 Komando 1 Dinkes 1 PLN,16,-,25000000,12
07/06/2018,14:43-16:11+0700,Jl. Cijawura Girang RT. 05 RW. 12,Sekejati,Buahbatu,Sebuah Gudang Kosong,3 Buah Rumah,Rokok,-,-,3 Pancar 1 Rescue 1 Tangki 1 Komando 1 Dinkes,12,-,200000000,200
07/07/2018,05:40-06:18+0700,Jl. Cibaduyut Raya RT. 01 RW. 06,Cibaduyut,Bojongloa Kidul,Sebuah Gudang Barang Bekas,3 Buah Rumah,Dalam Penyelidikan,-,-,1 Pancar 1 Komando,4,-,35000000,32
07/07/2018,13:18-16:50+0700,Jl. Dirgantara 8 Blok Reungas RT. 04 RW. 06,Gempol Sari,Bandung Kulon,Tumpukan Kain Dalam Gudang,3 Buah Rumah,Korek Api,-,-,7 Pancar 1 Rescue 1 Komando 1 Dinkes 1 Pancar Cimahi,28,-,115000000,112
07/08/2018,00:45-02:40+0700,Jl. Kopo Cirangrang RT. 04 RW. 03,Cirangrang,Babakan Ciparay,Sebuah Gudang Kayu,3 Buah Rumah,Dalam Penyelidikan,-,-,3 Pancar 1 Rescue 1 Tangki 1 Komando 1 Dinkes 1 PMI,16,-,20000000,20
07/09/2018,20:00-20:45+0700,Taman Hewan (Pet Park) Jl. Ciliwung No. 14,Cihapit,Bandung Wetan,Sebuah Pohon Angsana,-,Dalam Penyelidikan,-,-,1 Tangki 1 Rescue,4,-,-,25
07/09/2018,14:45-17:15+0700,Jl. Tera Gg. Enur RT. 02 RW. 05,Braga,Sumur Bandung,15 Buah Rumah,20 Buah Rumah,Kompor Gas,-,4,9 Pancar 2 Rescue 1 Tangki 2 Komando 1 Dinkes 3 PMI,36,-,1800000000,1800
07/11/2018,15:20-16:00+0700,Gg. Babakan Raksa RT. 06 RW. 06,Pelindung Hewan,Astanaanyar,Sebuah Tabung Gas,Sebuah Rumah,Kebocoran Tabung,-,-,1 Pancar,-,-,200000,-
07/11/2018,10:12-10:55+0700,Jl. Kampus 5 No. 7 RT. 05 RW. 08,Babakan Sari,Kiaracondong,Lahan Alang-Alang dan Tumpukan Kayu,-,Pembakaran Sampah,-,-,1 Pancar,-,-,-,90
07/12/2018,12:43-13:20+0700,Jl. Soekarno Hatta No. 801 (Samping SPBU Gede Bage),Babakan Penghulu,Cinambo,Lahan Alang-Alang,-,Api dari alat pemotong besi menyambar rumput,-,-,3 Pancar 1 Rescue,12,-,-,200
07/13/2018,12:21-13:10+0700,Jl. Soekarno Hatta (Bunderan Cibiru),Panyileukan,Panyileukan,Lahan Alang-Alang,-,Pembakaran Sampah,-,-,1 Pancar 1 Komando,4,-,-,100
07/14/2018,12:05-12:55+0700,Jl. Soekarno Hatta No. 521 Perempatan Buah Batu RT. 01 RW. 07,Cijagra,Lengkong,Lahan Alang-Alang,-,Dalam Penyelidikan,-,-,3 Pancar 1 Rescue 1 Tangki,16,-,-,8000
07/14/2018,12:55-13:20+0700,Jl. Antabaru Dalam I No. 2 RT. 03 RW. 01,Margasari,Buahbatu,Lahan Alang-Alang,-,Pembakaran Sampah,-,-,4 Pancar 1 Rescue 1 Tangki,20,-,-,170
07/15/2018,00:40-08:10+0700,Jl. Soekarno Hatta Pasar Gede Bage RT. 04 RW. 06,Mekarmulya,Panyileukan,800  Buah Kios,-,Dalam Penyelidikan,-,-,13 Pancar 2 Rescue 2 Tangki 1 Komando 1 Q. Respon 2 PMI 2 Dinkes 1 Cimahi 1 B. Agung,60,-,12000000000,12000
07/15/2018,02:50-03:35+0700,Jl. Rajawali No. 13,Maleber,Andir,Sebuah Pos Gibas Ranting,3 Buah Rumah,Dalam Penyelidikan,-,-,1 Komando 2 Cimahi,8,-,20000000,20
07/16/2018,05:53-06:00 +0700,Jl. Holis (Dekat Kantor PLN Rayon Kopo) RT. 001 RW. 009,Caringin,Bandung Kulon,Sebuah Kios Makanan,3 Buah Rumah,Dalam Penyelidikan,-,-,1 Pancar 1 Komando,4,-,15000000,12
07/17/2018,21:57-22:30+0700,Jl. Diponegoro (Depan RRI) RT. 01 RW. 08,Cilaki,Bandung Wetan,Sebuah Pohon Palem,-,Pembakaran Sampah,-,-,1 Pancar 1 Rescue,4,-,-,-
07/19/2018,18:30-22:13+0700,Jl. Kopo Gg. Pakasih RT. 05 RW. 07,Kebon Lega,Bojongloa Kidul,Lahan Alang-Alang,-,Pembakaran Sampah,-,-,3 Pancar 1 Tangki,16,-,-,40
07/20/2018,00:58-01:25+0700,Jl. Dr. Djundjunan No. 133,Pajajaran,Cicendo,Sebuah Tiang Listrik,-,Korsleting Listrik,-,-,1 Pancar 1 Komando 1 PLN,-,-,-,-
07/20/2018,01:05-01:40+0700,Jl. Cicendo No. 2 RT. 04 RW. 01,Babakan Ciamis,Sumur Bandung,Tumpukan Sampah Dan Daun Kering,-,Pembakaran Sampah,-,-,2 Pancar 1 Rescue 1 Komando,8,-,-,6
07/20/2018,12:15-12:30+0700,Jl. Rumah Sakit No. 3 RT. 01 RW. 01,Sukamulya,Cinambo,Sebuah Toko Mebeul dan Warung Nasi,3 Buah Rumah,Dalam Penyelidikan,-,-,9 Pancar 2 Tangki 2 Rescue 1 PMI 1 Dinkes 1 B. Agung,44,-,300000000,150
07/22/2018,12:10-12:40+0700,Jl. Aceh (Sebrang Hotel Arya Duta),Babakan Ciamis,Sumur Bandung,Lahan Alang-Alang,-,Rokok,-,-,1 Pancar 1 Rescue,4,-,-,100
07/22/2018,12:34-13:30+0700,Jl. Pelesiran Gg. 13 No. 130/35B RT. 01 RW. 06,Cipaganti,Coblong,Rumah Semi Permanen,3 Buah Rumah,Korsleting Listrik,-,1,4 Pancar 1 Tangki 2 Rescue 1 PMI 1 Dinkes,20,-,35000000,32
07/22/2018,20:13-21:15+0700,Kp. Babakan Penghulu RT. 05 RW. 04,Babakan Penghulu,Cinambo,3 Buah Kandang - Kandang Ayam - Kandang Kambing dan Kandang Bebek,-,Pembakaran Rumput,-,-,2 Pancar,8,-,15000000,50
07/24/2018,11:56-12:40+0700,Jl. Cijerah No. 33 Gg. Lurah RT. 01 RW. 06,Cibuntu,Bandung Kulon,Sebuah Pabrik Bagian Gudang Majun,-,Korsleting Listrik,-,-,4 Pancar 1 Rescue 2 PMI 1 Dinkes,16,-,100000000,100
07/25/2018,19:35-20:25+0700,Jl. Sersan Sodik Gg. Pada Rahayu RT. 02 RW. 01,Isola,Sukasari,Dapur Sebuah Rumah,4 Buah Rumah,Dari Hawu,-,-,1 Pancar 1 Komando,4,-,20000000,16
07/26/2018,13:52-14:53+0700,Jl. Soekarno Hatta RT. 03-07-08 RW. 04,Cibuntu,Bandung Kulon,Sebuah Lahan Kosong,-,Pembakaran Sampah,-,-,4 Pancar 1 Tangki 1 Rescue 1 Komando,20,-,-,1700
07/26/2018,15:05-15:42+0700,Jl. Kalijati Gg. Sukanegla RT. 06 RW. 01,Antapani Kulon,Antapani,Sebuah Rumah Permanen,3 Buah Rumah,Dalam Penyelidikan,-,-,2 Pancar 1 Rescue 1 Komando 1 PMI,8,-,70000000,35
07/27/2018,14:43-15:45+0700,Jl. Sekemala Ujung Berung RT. 02 RW. 11,Pasanggrahan,Ujungberung,Sebuah Rumah,3 Buah Rumah,Dalam Penyelidikan,-,-,3 Pancar 2 Rescue 1 Dinkes 1 PMI,12,-,75000000,75
07/27/2018,21:08-22:06+0700,Jl. Bukit Jarian Dalam No. 38 RT. 04 RW. 11,Hegarmanah,Cidadap,Dapur Sebuah Rumah,4 Buah Rumah,Dari Tungku Saat Masak Air,-,-,1 Pancar 1 Komando 1 PMI 1 Dinkes,-,-,10000000,8
07/28/2018,12:20-13:30+0700,Jl. Bukit Raya Atas Kp. Cihanja RT. 02 RW. 10,Ciumbuleuit,Cidadap,Dapur Sebuah Rumah,4 Buah Rumah,Korsleting Listrik,-,-,4 Pancar 1 Rescue 1 Komando 1 Dinkes,16,-,48000000,24
07/28/2018,15:54-16:20+0700,Jl. Buah Batu 122 RT. 02 RW. 05,Cijagra,Lengkong,Lahan Alang-Alang,-,Pembakaran Oleh Anak Kecil,-,-,2 Pancar,-,-,-,225
07/28/2018,16:17-17:30+0700,Jl. Pasir Leutik No. 25A RT. 06 RW. 09,Sukapada,Cibeunying Kidul,Sebuah Toko - 1 Mobil dan 1 Motor,3 Buah Rumah,Dari Serutan Kayu,-,-,4 Pancar 1 Tangki 1 Komando 2 Rescue 1 Dinkes,20,-,180000000,90
07/29/2018,17:11-17:30+0700,Jl. Peta No. 63 (Samping Primarasa) RT. 03 RW. 0,Pelindung Hewan,Astanaanyar,Sebuah Lahan Kosong,3 Buah Rumah,Dalam Penyelidikan,-,-,2 Pancar 1 Rescue 1 Komando,4,-,-,375
07/30/2018,17:44-19:15+0700,Jl. Batu Raden 4 RT. 05 RW. 07,Mekarjaya,Rancasari,Tumpukan Jerami,3 Buah Rumah,Pembakaran Jerami,-,-,1 Pancar,4,-,-,-
07/31/2018,04:32-05:05+0700,Jl. Sukasenang No. 6 RT. 11 RW. 13,Cikutra,Cibeunying Kidul,Sebuah Rumah Kosong,3 Buah Rumah,Pembakaran Sampah,-,-,2 Pancar 1 Rescue 1 Komando,8,-,10000000,5
07/31/2018,21:45-22:18+0700,Jl. Bekatonik Komp. Bekamin RT. 06 RW. 11,Cikutra,Cibeunying Kidul,Sebuah Lahan Kosong Tempat Penitipan Roda,3 Buah Rumah,Dalam Penyelidikan,-,-,1 Pancar 1 Komando,-,-,-,200
02-Agu-18,04:43-06:30+0700,Jl. Moh.Toha Gg. H.Kurdi 2  No. 11 dan No. 02 RT. 08 RW. 01,Karasak,Astanaanyar,2 Rumah,4 Buah Rumah,Listrik,-,-,8 Pancar 2 Tangki 2 Komando 1 Dinkes,40,-,500000000,270
06-Agu-18,10:30-11:00+0700,Komp. Dadali RT. 01 RW. 09,Maleber,Andir,Lahan Kosong,-,Dalam Penyelidikan,-,-,1 Pancar,4,-,-,120
09-Agu-18,10:30-11:00+0700,Jl. Sumatra 20 RT. 01 RW. 05,Braga,Sumur Bandung,Atap Rumah Bagian Samping,4 Buah Rumah,Pembakaran Sampah,-,-,2 Pancar 1 Rescue 1 Komando 1 Pmi,-,-,6000000,6
10-Agu-18,04:40-05:45+0700,Bengkel CGI Motorsport Jl. Karapitan No. 117 RT. 05 RW. 06,Burangrang,Lengkong,Mobil Jeep Rusia dan Motor Beat,4 Buah Rumah,Listrik,-,-,2 Pancar1 Rescue 1 Komando 1 Snorkel 1 Pmi 1 Dinkes,8,-,100000000,12
11-Agu-18,12:10-12:47+0700,Jl. Taman Sari RT. 05 RW. 04,Taman Sari,Bandung Wetan,Rumah 2 Lantai,3 Buah Rumah,Dalam Penyelidikan,-,-,2 Pancar 1 Rescue 1 Komando,8,-,5000000,5
13-Agu-18,22:56-23:29+0700,Jl. A.H Nasution RT. 02 RW. 01,Cipadung,Panyileukan,Kamar Tidur,3 Buah Rumah,Listrik,-,-,1 Pancar 1 Komando,4,-,120000000,6
15-Agu-18,10:59-11:30+0700,Jl. Taman Cibunut RT. 04 RW. 03,Kebon Pisang,Sumur Bandung,Bagian Atap Almunium,Sebuah Rumah,Api Las Listrik Menyambar,-,-,1 Pancar 2 Rescue,-,-,100000,5
17-Agu-18,13:15-13:50+0700,Komp. Sanggar Hurip Jl. Sanggar Kencana RT. 02 RW. 02,Jatisari,Buahbatu,Alang alang,-,Dalam Penyelidikan,-,-,2 Pancar 1 Tangki 1 Rescue,12,-,-,60
18-Agu-18,16:43-18:30+0700,Jl. Kartika 3 No. 101 RT. 01 RW. 02,Gegerkalong,Sukasari,Rumah,3 Buah Rumah,Kompor,-,-,4 Pancar 2 Tangki 2 Rescue,24,-,600000000,30
19-Agu-18,14:48-15:30+0700,Jl. A.H. Nasution No. 24 RT. 01 RW. 10,Cigending,Ujungberung,Alang Alang,-,Dalam Penyelidikan,-,-,2 Pancar 1 Rescue 1 Komando,8,-,-,200
19-Agu-18,17:15-18:00+0700,Jl. Anthorium Raya RT. 04 RW. 04,Cisaranten Kulon,Arcamanik,Alang Alang,-,Pembakaran,-,-,2 Pancar 1 Rescue 1 Komando,8,-,-,10
19-Agu-18,18:11-20:00+0700,Jl. A.H. Nasution Komp. PT. Tanpres,Bandung Wetan,Panyileukan,Alang Alang,-,Pembakaran,-,-,8 Pancar 2 Tangki 2 Rescue,40,-,-,20000
20-Agu-18,05:52-06:25+0700,Jl. Peta (Pasar Burung Suka Haji),Suka Asih,Bojongloa Kaler,Kandang Ayam,-,Rokok,-,-,1 Pancar,-,-,-,3
21-Agu-18,11:08-11:50+0700,Jl. Tubagus Ismail Komp. Alamanda Blok F RT. 06/04,Sekeloa,Coblong,Alang alang,-,Dalam Penyelidikan,-,-,3 Pancar 1 Rescue,12,-,-,350
22-Agu-18,17:25-19:30+0700,Jl. Soekarno Hatta No. 108 RT.  02/07 PT. Cahaya Berlian Lestari,Babakan Ciparay,Babakan Ciparay,Pabrik Bagian Gudang Tumpukan Kertas Sampah,Bangunan Lainnya,Dalam Penyelidikan,-,-,8 Pancar 2 Tanki 1 Rescue 1 Komando 1 Dinkes,40,-,140000000,140
24-Agu-18,19:11-21:00+0700,Jl. Baladewa Gg. III RT. 02/09,Pajajaran,Cicendo,Rumah 2 Lantai,3 Buah Rumah,Lilin,-,-,3 Pancar 1 Rescue 1 PMI 1 Dinkes,12,-,25000000,12
25-Agu-18,05:40-06:50+0700,Jl. Simpang Cigiringsih Komp. Simpai Asih RT.  04/04,Pasir Endah,Ujungberung,Rumah Pembuatan Jamur,3 Buah Rumah,Dalam Penyelidikan,-,-,2 Pancar 1 Komando,8,-,10000000,10
25-Agu-18,19:35-19:58+0700,Jl. Soekarno Hatta Depan Deler Suzuki RT. 01/60,Situsaeur,Bojongloa kidul,Alang-Alang,-,Dalam Penyelidikan,-,-,2 Pancar 1 Komando,8,-,-,70
25-Agu-18,23:48-00:30+0700,Jl. Waas RT.  08/01,Batununggal,Bandung kidul,Alang - Alang,-,Pembakaran Sampah,-,-,1 Pancar 1 Rescue 1 Komando,4,-,-,20
27-Agu-18,18:29-18:50+0700,Jl. Surapati No. 171 RT. 06 RW. 09,Sukaluyu,Cibeunying Kaler,Tiang Listrik,-,Korsleting Listrik,-,-,1 Pancar 1 Rescue,-,-,-,-
09/01/2018,12:58-13:50+0700,Tol paster KM 2 Arah Bandung,Sukaraja,Cicendo,Mobil Sedan HRV,-,Korsleting Listrik,-,-,2 Pancar 1 Rescue,8,-,250000000,-
09/03/2018,16:55-23:20+0700,Jl. Soekarno Hatta RT. 04 RW. 06,Mekarmulya,Panyileukan,Kios Pasar Los 6 - 7 dan Los Auning,-,Dalam Penyelidikan,-,-,13 Pancar 2 Tangki 2 Rescue 1 Quick 4 Comado 2 KAS BDG 1 KBB 1 B Agung 2 PMI 1 Dinkes 1 Puskesmas,60,-,1200000000,1200
09/04/2018,11:15-11:45+0700,Jl. Terusan Jalan Jakarta RT. 04 RW. 04,Antapani Tengah,Antapani,Alang-alang,-,Rokok,-,-,2 Pancar 1 Rescue,8,-,-,400
09/05/2018,14:05-14:34+0700,Jl. Soekarno Hatta (Sebrang Apatermen Taman Sari Panoramic),Babakan Penghulu,Cinambo,Alang-alang,-,Pembakaran Sampah,-,-,2 Pancar,8,-,-,30
09/06/2018,02:40-03:30+0700,Jl. Bojong Awi Kidul RT. 04 RW. 04,Cisaranten Bina Harapan,Arcamanik,Sebuah Kontrakan,3 Buah Rumah,Rokok,-,-,2 Pancar 1 Comando,8,-,12000000,12
09/07/2018,17:38-18:16+0700,Jl. Sari Wates No. 27 RT. 03 RW. 04,Antapani Kidul,Antapani,Ruko Lantai 3 Kamar Mandi,3 Buah Rumah,Korsleting Listrik,-,-,2 Pancar 1 Rescue,8,-,10000000,5
09/08/2018,10:03-10:45+0700,Jl. Setia Budhi No. 29 G-H,Hegarmanah,Cidadap,Jalur Cerobong Asap Sebuah Ruko,3 Buah Rumah,Korsleting Listrik,-,-,3 Pancar 2 Rescue 1 Comando 1 Dinkes 1 PMI,12,-,15000000,12
09/09/2018,12:15-13:10+0700,Jl. Cibuntu Timur RT. 05 RW. 07,Warung Muncang,Bandung Kulon,Pabrik Tahu,3 Buah Rumah,Korsleting Listrik,-,-,2 Pancar 1 Rescue 1 Comando 1 Dinkes,8,-,30000000,15
09/09/2018,12:27-12:47+0700,Jl. Rerencang Sarupi RT. 01 RW. 10,Ciumbuleuit,Cidadap,Alang -Alang,-,Dalam Penyelidikan,-,-,1 Pancar 1 Tangki 1 Comando,8,-,-,2000
09/09/2018,23:15-00:05+0700,Jl A.H Nasution No. 4 RT. 01 RW. 07,Cipadung Kulon,Panyileukan,Alang - Alang,-,Pembakaran Sampah,-,-,2 Pancar  1 Comando,8,-,-,1000
09/10/2018,13:33-14:00+0700,Jl.  Marga Indah No. 16,Kujang Sari,Bandung Kidul,Tumpukan Ban Bekas,Sebuah Rumah,Pembakaran Ban,-,-,1 Pancar 1 Komando 1 PMI,-,-,-,1
09/11/2018,20:15-20:50+0700,"Jl. Mengger Tengah No. 41 RT. 06 RW. 01 
",Mengger,Bandung Kidul,Bagian Kamar Dilantai 2 Sebuah Rumah,3 Buah Rumah,-,-,-,-,-,-,30000000,30
09/12/2018,"
18:23-19:55+0700",Jl. Pasir Impun RT. 01 RW. 03,Pasir Impun,Mandalajati,Alang - Alang,-,-,-,-,-,16,-,-,500
09/13/2018,11:48-13:40+0700,"Jl. Maruyung  Kp. Mandalawangi RT. 04 RW. 08 
",Pasanggrahan,Ujungberung,Sebuah Pabrik Tahu,3 Buah Rumah,-,1,-,-,16,-,250000000,200
09/15/2018,"
20:39-23:22+0700","Jl. Ciborelang No. 145 RT. 04 RW. 06
",Margasuka,Babakan Ciparay,2 Gudang Rongsok dan Penggiling Plastik,3 Buah Rumah,-,-,-,-,44,-,1000000000,800
09/16/2018,"
08:05-10:54+0700",Jl. Puyuh Dalam RT. 04 RW. 06,Sadang Serang,-,8 Buah Rumah,10 Buah Rumah,-,-,1,-,52,-,2000000000,1890
09/16/2018,19:00-19:23+0700,Jl. Cihampelas (Samping Kiri Hotel Cihampelas),Cipaganti,Coblong,Sebuah Rumah Kosong,3 Buah Rumah,Rokok,-,-,1 pancar 1 Dinkes,4,-,20000000,9
09/16/2018,18:25-19:05+0700,Jl. Anyelir I RT. 01 RW. 12,Cipadung Kidul,Panyileukan,Tumpukan Sampah Kertas Di Lahan Kosong,-,Pembakaran Samp,-,-,3 pancar 1 PMI 1 B agung,12,-,-,100
09/17/2018,02:54-05:20+0700,Jl. Pungkur No. 232 RT. 01  RW. 05,Ancol,Regol,Sebuah Gudang Plastik Kertas dan 5 Buah Motor,3 Buah Rumah,Dalam Penyelidikan,-,-,9 pancar 2 tangki 1 rescue 1 komando 1 Dinkes 1PMI,44,-,250000000,197
09/18/2018,13:30-14:50+0700,Jl. Jati Handap Gg. Uko No. 145 RT. 07 RW. 05,Jatihandap,Mandalajati,Bagian Dapur Tempat Membuat Odading,3 Buah Rumah,Kompor Gas,-,-,1 pancar,-,-,10000000,6
09/18/2018,15:20-16:10+0700,Jl. Inspeksi Cidurian RT. 03 RW. 11,Cipamokolan,Rancasari,Alang - Alang,-,Dalam Penyelidikan,-,-,2 pancar 1 comando,8,-,-,500
09/19/2018,13:19-14:12+0700,Jl. Cisitu Baru Dalam No. 13 RT. 04 RW. 11,Dago,Coblong,Dapur Sebuah  Rumah,3 Buah Rumah,Sebuah Tungku Ka,-,-,1 Pancar 1 Komando,4,-,15000000,12
09/19/2018,16:00-16:25+0700,Jl. Bojongloa No. 82,Panjunan,Astanaanyar,Eternit Rumah,3 Buah Rumah,Percikan Api Las,-,-,2 Pancar,-,-,5000000,4
09/20/2018,11:08-13:00+0700,Jl. Soekarno Hatta RT.  07 RW. 08 (Sebrang Apartemen  Tamansari Panoramic),Cisaranten Kidul,Gedebage,Alang - Alang,-,Pembakaran Sampah,-,-,2 Pancar 1 Comando,8,-,-,900
09/22/2018,12:12-14:20+0700,Jl. Ir.H.Djuanda RT. 04 RW. 07,Ciburial,Cimenyan,Alang-alang,-,Dalam Penyelidika,-,-,1 Pancar 1 Rescue 2 Tangki 1 Comando,12,-,-,2000
09/22/2018,13:46-14:50+0700,Jl. Pasirlayung Timur Blok E  RT. 06 RW. 02,Pasir Layung,Cibeunying Kidul,Tumpukan Sampah,-,Pembakaran Sampah,-,-,1 Pancar,4,-,-,150
09/23/2018,15:47-17:00+0700,Jl. Giri Rahayu III RT. 01 RW. 04,Pasir Endah,Ujungberung,Lahan Pohon Bambu,-,Dalam Penyelidikan,-,-,1 Pancar 1 Rescue,4,-,-,150
09/24/2018,19:46-20:20+0700,Jl.Banceuy No. 8  RT. 03 RW. 03 Gedung Matahari Lama,Braga,Sumur Bandung,Tumpukan Sampah,-,Dalam Penyelidikan,-,-,2 Pancar 1 Rescue 1 Comando,-,-,-,15
09/24/2018,20:32-21:45+0700,Jl. Cipedes RT. 04 RW. 06,Cipedes,Sukajadi,2 Buah Rumah,4 Buah Rumah,Korsleting Listrik,-,-,2 Pancar 1 Comando 1 PMI 1 Dinkes,8,-,60000000,60
09/27/2018,11:00-12:00+0700,Jl. Maruyung RT. 05 RW. 06,Pasanggrahan,Ujungberung,Alang - Alang,-,Pembakaran Sampah,-,-,1 Pancar 1 Komando,4,-,-,150
09/27/2018,23:40-01:40+0700,Jl. Dago Pojok RT. 01 RW. 03,Dago,Coblong,6  Buah Rumah,8 Buah Rumah,Dalam Penyelidikan,-,-,6 Pancar 2 Tangki 2 Rescue 2 Komando 1 Dinkes 1 PMI,32,-,400000000,365
09/29/2018,13:49-16:26+0700,Jl. Laguna Soka 3 RT. 04 RW. 13 dan Jl. Imola I RT. 06 RW. 13,Karang Pamulang,Mandalajati,Lahan Kosong,-,Dalam Penyelidikan,-,-,2 Pancar 1 Rescue 1 Tangki 1 Komando,12,-,-,18000
09/30/2018,12:54-13:45+0700,Jl. Kawali I & X RT. 01 RW. 17,Antapani Tengah,Antapani,Alang-alang dan Tumpukan Sampah,-,Dalam Penyelidikan,-,-,3 Pancar 1 Rescue 1 Tangki,16,-,-,26
09/30/2018,19:45-20:25+0700,Jl. Ambon No. 2 RT. 01 RW. 07,Citarum,Bandung Wetan,Restoran Bebek Setan,3 Buah Rumah,Kebocoran Tabung,-,-,5 Pancar 1 Rescue 1 Tangki 1 Komando,24,-,100000000,87
01-Okt-18,06:25 - 07:40+0700,Jl. Ir. Djuanda No.22 RT. 06 RW. 09,Dago,Coblong,Sebuah Rumah,3 Buah Rumah,Dalam Penyelidikan,-,-,3 Pancar 2 Tangki 1 Rescue 1 Komando 1 Dinkes,20,-,100000000,55
02-Okt-18,18:00 - 19:20+0700,Jl. Terusan Pasir Koja Gg. Raden Dewi RT. 10  RW. 02,Babakan Tarogong,Bojongloa Kaler,Sebuah Rumah 2 Lantai,3 Buah Rumah,Dalam Penyelidikan,-,-,5 Pancar 1 Rescue 2 PMI 1 Dinkes,20,-,50000000,40
04-Okt-18,09:06 -09:37+0700,Jl. H. Tamin No. 12 RT. 04 RW. 05,Padasuka,Cibeunying Kidul,Alang-Alang,-,Pembakaran Sampah,-,-,2 Pancar 1 Rescue 1 Komando 1 Dinkes,8,-,-,50
04-Okt-18,14:21 - 16:05+0700,Jl. Batu Raden 2 RT. 03 RW. 02,Mekar Jaya,Cibeunying Kidul,Sebuah Rumah,3 Buah Rumah,Dalam Penyelidikan,-,-,3 Pancar 1 Tanki 1 Rescue 1 Komando 1 Dinkes,16,-,400000000,200
05-Okt-18,03:30 - 04:00+0700,Jl. Deme No. 115 RT. 03 RW. 05,Cibangkong,Batununggal,Tabung Gas,Sebuah Rumah,Kebocoran Tabung,-,-,1 Rescue,-,-,200000000,-
05-Okt-18,21:40- 01:35+0700,Jl. Jurang No. 1,Pasteur,Sukajadi,395 Kios Pasar,-,Dalam Penyelidikan,-,-,15 Pancar 2 Tanki 2 Rescue 4 Komando 2 PMI 1 Dinkes 2 KBB,68,-,2000000000,1580
06-Okt-18,18:50 -19:45+0700,Jl. Kopo Komplek Mas Regency Blok E No. 22 A RT. 02 RW. 01,Margasuka,Babakan Ciparay,Tumpukan Kayu,-,Pembakaran Tungku Buatan,-,-,1 Pancar 1 Komando 1 Sorean Pancar 1 Rescue Soreang,4,-,-,30
07-Okt-18,18:50-19:45+0700,Jl. Cipamokolan No. 107 RT. 05 RW. 08,Cipamokolan,Rancasari,Bengkel Powder Coating,3 Buah Rumah,Kebocoran Tabung,-,1,1 Pancar 1 Rescue,4,-,30000000,15
07-Okt-18,15:28-17:00+0700,Jl. Karang Sari No. 21 RT. 06 RW. 01,Pasteur,Sukajadi,Sebuah Rumah,3 Buah Rumah,Dalam Penyelidikan,-,-,3 Pancar 1 Tanki 1 Rescue 1 Dinkes 1 PMI,16,-,1200000000,600
08-Okt-18,20:25-21:20+0700,Jl. Pasir Layung Gg. Mekar I RT. 01 RW. 01,Pasirlayung,Cibeunying Kidul,Sebuah Kabel Listrik,-,Korsleting Listrik,-,-,1 Pancar 1 Rescue,-,-,-,-
09-Okt-18,18:35-19:15+0700,Jl. Siliwangi No. 14 RT. 05 RW. 10,Hegarmanah,Cidadap,Alang-Alang,-,Pembakaran Sampah,-,-,1 Pancar 1 PMI,4,-,-,5
10-Okt-18,03:15-03:50+0700,Jl. Terusan Jalan Jakarta No. 43,Cicaheum,Kiaracondong,Bengkel Las Listrik,3 Buah Rumah,Dalam Penyelidikan,-,-,1 Pancar 1 Komando,4,-,50000000,40
11-Okt-18,14:40-15:15+0700,Jl. Rancanumpang Kp. Sindangsari RT. 03 RW. 02,Rancanumpang,Gedebage,Alang-Alang,-,Dalam Penyelidikan,-,-,1 Pancar 1 Komando,4,-,-,270
12-Okt-18,18:05-18:50+0700,Jl. Sukajadi No. I RT. 01 RW. 01,Sukabungah,Sukajadi,Sebuah Gudang Dakwah Muhammadiyah,-,Selang Solar Bocor,-,-,3 Pancar 1 Rescue 1 Komando 1 PMI 1 Dinkes,12,-,10000000,8
12-Okt-18,18:05-18:30+0700,Jl. Mochamad Toha No. 206 RT. 04 RW. 04,Karasak,Astanaanyar,Sebuah Toko Listrik,3 Buah Rumah,Kebocoran Tabung,-,-,2 Pancar 1 PMI,4,-,10000000,9
13-Okt-18,18:41-20:45+0700,Jl. Soekarno Hatta No. 785A RT. 01 RW. 04,Babakan Penghulu,Cinambo,Sebuah Gudang Kayu,3 Buah Rumah,Dalam Penyelidikan,-,-,5 Pancar 1 Rescue 1 Tangki 2 Komando,24,-,50000000,50
15-Okt-18,12:26-13:00+0700,Jl. Pasir Impun RT. 03 RW. 07,Karang Pamulang,Mandalajati,Sebuah Pohon Karet,-,Pembakaran Sampah,-,-,1 Pancar,4,-,-,23
15-Okt-18,15:23-17:05+0700,Jl. Elang VI No. 37 RT. 03 RW. 11,Maleber,Andir,Sebuah Rumah,3 Buah Rumah,Dalam Penyelidikan,-,-,6 Pancar 2 Tangki 1 Rescue,32,-,240000000,120
16-Okt-18,19:45-21:00+0700,Jl. Pasir Impun RT. 03 RW. 07,Karang Pamulang,Mandalajati,Sebuah Pohon Karet,-,Pembakaran Sampah,-,-,1 Pancar 1 Rescue,4,-,-,23
17-Okt-18,08:30-09:00+0700,Jl. Rancaherang No. 15a RT. 07 RW. 03,Sarijadi,Sukasari,Sebuah Rumah,3 Buah Rumah,Dalam Penyelidikan,-,-,1 Pancar,-,-,2000000,2
19-Okt-18,13:32-14:17+0700,Komplek Ruko Suniaraja No. 65 PQ,Braga,Sumur Bandung,Sebuah Ruko - Ruang Server,3 Buah Rumah,Korsleting Listrik,-,2,2 Pancar 1 Rescue 1 PMI 1 Dinkes,8,-,60000000,30
19-Okt-18,18:05-18:30+0700,Jl. L.R.E. Martadinata No. 125,Cihapit,Bandung Wetan,Sebuah Gardu Listrik,-,Korsleting Listrik,-,-,2 Pancar 1 Rescue,4,-,-,8
19-Okt-18,20:06-20:29+0700,Jl. Batu Rahayu RT. 04 RW. 10,Batununggal,Bandung Kidul,Tumpukan Kertas Dan Kayu,-,Dalam Penyelidikan,-,-,1 Pancar,4,-,-,6
20-Okt-18,20:15-20:50+0700,Jl. Binong Jati (Patokan SMPN 31),Binong,Batununggal,Kamar Tidur Sebuah Rumah,4 Buah Rumah,Korsleting Listrik,-,-,1 Pancar,4,-,10000000,6
20-Okt-18,21:15-21:45+0700,Jl. Caringin Gg. Lumbung 4 RT. 01 RW. 05,Babakan Ciparay,Babakan Ciparay,Lahan Kosong,-,Pembakaran Sampah,-,-,2 Pancar,8,-,-,16
21-Okt-18,02:40-03:05+0700,Jl. Sulanjana No. 26-2,Taman Sari,Bandung Wetan,Sebuah TAXI Bandara Husein Sastranegara,-,Korsleting Listrik A,-,-,1 Pancar 1 Rescue 1 PMI,4,-,50000000,-
21-Okt-18,12:43-13:25+0700,Jl. Cihampelas No. 204 RT. 01 RW. 05,Cipaganti,Coblong,Alang-Alang,-,Rokok,-,-,1 Pancar 1 Komando,4,-,-,50
21-Okt-18,17:11-17:45+0700,Jl. Sarijadi No. 71 RT. 04 RW. 01,Sarijadi,Sukasari,Sebuah Kantor Kelurahan Sarijadi,3 Buah Rumah,Korsleting Listrik,-,-,1 Pancar 1 Tangki 1 Komando 1 PMI 1 Dinkes,8,-,200000000,100
22-Okt-18,06:27-07:15+0700,Komplek Industri Mekar Raya Kav. 37 RT. 02 RW. 06,Mekarmulya,Panyileukan,Mesin Kalender Sebuah Pabrik,-,Dalam Penyelidikan,-,-,2 Pancar 1 Komando,8,-,60000000,60
22-Okt-18,08:05-08:40+0700,Jl. Cinambo No. 4 RT. 01 RW. 05 PT. Multi Instrumentasi,Pakemitan,Cinambo,Sebuah Gudang Komponen Plastik Bekas,-,Rokok,-,-,2 Pancar 1 Komando,8,-,40000000,20
23-Okt-18,16:30-17:30+0700,Jl. Palem Kipas 3 RT. 03 RW. 07,Jatisari,Buahbatu,Tumpukan Kayu Bekas Dalam Gudang Peralatan Bangunan,3 Buah Rumah,Dalam Penyelidikan,-,-,4 Pancar 1 Rescue 1 Komando,16,-,24000000,24
24-Okt-18,04:25-04:45+0700,Jl. Dalem Kaum Samping Masjid Raya Bandung RT. 03 RW. 07,Balong Gede,Regol,Sebuah Kabel Listrik,-,Korsleting Listrik,-,-,1 Pancar 1 Rescue,-,-,-,1
24-Okt-18,11:15-12:00+0700,Jl. Cipamokolan Perumahan Cipta Pesona No. B RT. 04 RW. 06,Cipamokolan,Rancasari,Sebuah Rumah,3 Buah Rumah,Obat Nyamuk,-,-,1 Pancar 1 Rescue,20,-,40000000,18
24-Okt-18,17:30-19:50+0700,Jl. Burangrang No. 8 RT. 03 RW. 01,Burangrang,Lengkong,Sebuah Pohon Angsana,-,Pembakaran Sampah,-,-,1 Pancar 1 Rescue,4,-,-,3
25-Okt-18,10:07-10:35+0700,Jl. BKR (Tegallega),Ciateul,Regol,Sebuah Halte Bus,-,Dalam Penyelidikan,-,-,4 Pancar 1 Rescue 1 Komando 2 PMI,16,-,15000000,15
27-Okt-18,10:27-11:15+0700,Jl. Asri Raya Ciparungpung RT. 03 RW. 04,Pasir Layung,Cibeunying Kidul,Sebuah Rumah,3 Buah Rumah,Dalam Penyelidikan,-,-,2 Pancar 1 Tangki 1 Rescue,12,-,100000000,50
11/01/2018,17:50-18:25+0700,Jl. Jend. A. Yani Gg. Sukarame I RT. 01 RW. 10,Cicaheum,Kiaracondong,Bagian Dapur Rumah,3 Buah Rumah,Kompor,-,-,2 Pancar 1 Rescue,-,-,10000000,10
11/03/2018,00:05-00:45+0700,Tol Purbaleunyi Km. 145 Arah Cileunyi,-,-,Mobil Mercedes Benz E 212 AM,-,Korsleting Listrik A,-,-,2 Pancar 1 Komando,8,-,50000000,-
11/03/2018,04:24-05:45+0700,Jl. Cilengkrang I RT. 04 RW. 08,Cisurupan,Cibiru,Peternakan Ayam,-,Pembakaran Batu,-,-,2 Pancar,8,-,10000000,120
11/15/2018,02:59-03:40+0700,Jl. Muararajeun Lama I No. 73 RT. 06 RW. 05,Cihaurgeulis,Cibeunying Kidul,Sebuah Rumah Kosong,3 Buah Rumah,Dalam Penyelidikan,-,-,3 Pancar 1 Rescue 1 Komando,12,-,32000000,16
11/17/2018,10:43-11:05+0700,Jl. Jend. A. Yani No. 375 RT. 03 RW. 10,Sukamaju,Cibeunying Kidul,Sebuah Taman Dan Tiang Listrik,-,Pembakaran Samp,-,-,1 Pancar 1 Tangki 1 Rescue 1 Komando 1 PMI,4,-,-,30
11/18/2018,03:50-11:50+0700,Jl. Babakan Ciparay Gg. Satata Sariksa RT. 08 RW. 04,Sukahaji,Babakan Ciparay,Lahan Kosong Penyimpanan Kayu - 40 Buah Jongko - 30 Buah Rumah - 3  Buah Mobil Minibus - 2  Buah Motor,-,Dalam Penyelidika,-,1,15 Pancar 2 Tangki 2 Rescue 2 Komando 1 Quick Respon,68,-,600000000,600
11/20/2018,12:44-13:15+0700,Jl. Andir No. 35 RT. 04 RW. 08,Dungus Cariang,Andir,Sebuah Gudang Restoran Mamita,-,Dalam Penyelidika,-,-,5 Pancar 1 Rescue 1 PMI,8,-,25000000,12
11/20/2018,21:40-22:55+0700,Jl. Dili No. 13 (Depan Puri Dago Mas) RT. 01 RW. 10,Antapani Kidul,Antapani,Sebuah Rumah,3 Buah Rumah,Dalam Penyelidikan,-,-,3 Pancar 1 Tangki 1 Rescue 1 Komando 1 PMI 1 Dinkes,16,-,250000000,125
11/27/2018,00:50-01:25+0700,Jl. Soekarno Hatta No. 766 Komplek Graha Panyileukan Asri RT. 02 RW. 02,Cipadung Kidul,Panyileukan,Sebuah Mobil Derek Nissan - D 8739 CV,-,Korsleting Listrik A,-,-,1 Pancar 1 Komando,4,-,50000000,-
07-Des-18,15:10-16:40+0700,Jl. Pagarsih Gg. Pa Oyon No. 11 RT. 11 RW. 16,Jamika,Bojongloa Kaler,Sebuah Rumah 2 Lantai,3 Buah Rumah,Dalam Penyelidikan,-,-,5 Pancar 1 Rescue,20,-,30000000,28
07-Des-18,18:55-20:35+0700,Jl. Cimindi Utara Gg. Bpk. Yahya RT. 06 RW. 05,Cempaka,Andir,Sebuah Rumah 2 Lantai,3 Buah Rumah,Dalam Penyelidikan,-,1,4 Pancar 1 Rescue 1 Tangki 1 Komando 2 Pancar Cimahi 1 Rescue Cimahi,20,-,85000000,42
11-Des-18,13:30-14:05+0700,Jl. Ibrahim Adjie RT. 01 RW. 02,Kebon Gedang,Batununggal,Sebuah Lahan Kosong Tempat Penitipan Roda  Dibawah Fly Over Kiaracondong,-,Pembakaran Sampah,-,-,1 Pancar,4,-,-,-
16-Des-18,01:33-01:53+0700,Jl. Natawijaya No. 46 RT. 02 RW. 05,Cibadak,Astanaanyar,Sebuah Mesin Cuci Dan Sebagian Dinding Rumah Dan Sebagian Atap,Sebuah Rumah,Korsleting Listrik,-,-,2 Pancar 1 Komando,-,-,10000000,6
16-Des-18,10:23-10:43+0700,Jl. Geger Kalong Hilir 114B (Pertigaan KPAD),Gegerkalong,Sukasari,Sebuah Mobil Hijet D 1281 WQ,Sebuah Rumah,Korsleting Listrik A,-,-,1 Pancar,4,-,10000000,-
16-Des-18,15:47-16:40+0700,Jl. Garuda 117A RT. 01 RW. 02,Dungus Cariang,Andir,Sebuah Toko Kelontong,3 Buah Rumah,Dalam Penyelidikan,-,-,3 Pancar 1 Rescue 1 Komando 1 Dinkes,12,-,20000000,20
17-Des-18,00:23-00:40+0700,Jl. Simpang Soekarno Hatta - Ibrahim Adjie,Kiaracondong,Batununggal,Sebuah Motor D 5953 ZG,-,Korsleting Listrik,-,-,2 Pancar 1 Komando,APAR,APAR,10000000,-
18-Des-18,10:05-10:30+0700,Jl. LLRE Martadinata No. 157 (Taman Pramuka),Cihapit,Bandung Wetan,Sebuah Mobil Pengangkut Aspal - HINO D 8346 D,-,Perembetan Minyak Tanah Ke Api,-,-,2 Pancar 1 Rescue 1 Tangki 1 Motor QR,-,-,100000000,-
20-Des-18,04:25-04:59+0700,Jl. Ir. H. Djuanda No. 310 RT. 02 RW. 07 Toko Makanan KABOBS,Dago,Coblong,Sebuah Mesin Kasir dan Meja,Sebuah Rumah,Korsleting Listrik,-,-,3 Pancar 1 Rescue 1 Komando 1 PMI,12,-,20000000,4
20-Des-18,06:55-08:00+0700,Jl. Sukahaji Gg. Ahir No. 6 RT. 01 RW. 07,Sukarasa,Sukasari,Sebuah Rumah 2 Lantai,3 Buah Rumah,Kebocoran Tabung,-,1,3 Pancar 1 Rescue 1 Komando 1 PMI 1 Dinkes,12,-,130000000,63
22-Des-18,08:40-10:00+0700,Jl. Mande RT. 04 RW. 04,Karang Pamulang,Mandalajati,Sebuah Rumah - 4 Kepala Keluarga,3 Buah Rumah,Korsleting Listrik,-,-,2 Pancar 1 Rescue 1 Dinkes,8,-,20000000,20
24-Des-18,03:53-05:10+0700,Jl. Terusan Golf 3 RT. 04 RW. 01 (Bantaran Kali Cijalumpang),Cisaranten Kulon,Arcamanik,3 Buah Warung - 2 Warung kopi dan 1 Warung Nasi dan 2 Buah Sepeda Motor,-,Dalam Penyelidikan,-,-,1 Pancar 1 Komando 1 PMI 1 Dinkes,8,-,35000000,12
25-Des-18,18:51-21:30+0700,"Jl. Ujung Berung KM. 14,5",Cipadung Kidul,Panyileukan,Sebuah Ruang Wifing Gudang Kain PT. WISTEK,-,Korsleting Listrik,-,-,2 Pancar 1 Komando,4,-,300000000,4
30-Des-18,15:47-16:50+0700,Jl. Cimbuleuit Belakang 83 Gg. Satata Sariksa RT. 06 RW. 02,Hegarmanah,Cidadap,Sebuah Rumah Gubuk,3 Buah Rumah,Dalam Penyelidikan,-,-,3 Pancar 1 Rescue 1 Komando 2 PMI 1 Dinkes,12,-,12000000,12
30-Des-18,Pkl. 17.18-20.05 WIB,Jl. Taman Sari (Kampus ITB),Lebak Siliwangi,Coblong,Sebuah Gedung Kampus Magister ITB,-,Dalam Penyelidikan,-,-,10 Pancar 2 Rescue 2 Tangki 3 Komando 2 PMI 3 Dinkes,52,-,1000000000,912
